Workbook

Sheet Cost model
A1: A1 Token-cost template: cost per request, per month, per year
A2: Orange cells: you enter values. Teal cells: formulas, do not overwrite. Prices in USD per 1 million tokens, from openrouter.ai/models (record the date you looked them up).
A3: Prices looked up on (date):
A5: Model ID (OpenRouter) | B5: Price input (USD / M tokens) | C5: Price output (USD / M tokens) | D5: Avg input tokens per request | E5: Avg output tokens per request (incl. reasoning) | F5: Requests per month | G5: Cost per request (USD) | H5: Cost per month (USD) | I5: Cost per year (USD) | J5: Cost ratio vs. cheapest | K5: Quality score (1-5) | L5: Latency (s) | M5: Notes (e.g. ':free' -> shadow cost)
A6: EXAMPLE (illustrative prices): example/frontier-model | B6: 3 | C6: 15 | D6: 1500 | E6: 500 | F6: 10000 | G6: =IF(A6="","",(D6*B6+E6*C6)/10^6) | H6: =IF(A6="","",G6*F6) | I6: =IF(A6="","",H6*12) | J6: =IF(OR(A6="",MIN($H$6:$H$13)=0),"",H6/MIN($H$6:$H$13)) | K6: 4 | L6: 6 | M6: ILLUSTRATIVE numbers only - overwrite with your own model
A7: EXAMPLE (illustrative prices): example/budget-model | B7: 0.15 | C7: 0.6 | D7: 1500 | E7: 500 | F7: 10000 | G7: =IF(A7="","",(D7*B7+E7*C7)/10^6) | H7: =IF(A7="","",G7*F7) | I7: =IF(A7="","",H7*12) | J7: =IF(OR(A7="",MIN($H$6:$H$13)=0),"",H7/MIN($H$6:$H$13)) | K7: 3 | L7: 2 | M7: ILLUSTRATIVE numbers only - overwrite with your own model
G8: =IF(A8="","",(D8*B8+E8*C8)/10^6) | H8: =IF(A8="","",G8*F8) | I8: =IF(A8="","",H8*12) | J8: =IF(OR(A8="",MIN($H$6:$H$13)=0),"",H8/MIN($H$6:$H$13))
G9: =IF(A9="","",(D9*B9+E9*C9)/10^6) | H9: =IF(A9="","",G9*F9) | I9: =IF(A9="","",H9*12) | J9: =IF(OR(A9="",MIN($H$6:$H$13)=0),"",H9/MIN($H$6:$H$13))
G10: =IF(A10="","",(D10*B10+E10*C10)/10^6) | H10: =IF(A10="","",G10*F10) | I10: =IF(A10="","",H10*12) | J10: =IF(OR(A10="",MIN($H$6:$H$13)=0),"",H10/MIN($H$6:$H$13))
G11: =IF(A11="","",(D11*B11+E11*C11)/10^6) | H11: =IF(A11="","",G11*F11) | I11: =IF(A11="","",H11*12) | J11: =IF(OR(A11="",MIN($H$6:$H$13)=0),"",H11/MIN($H$6:$H$13))
G12: =IF(A12="","",(D12*B12+E12*C12)/10^6) | H12: =IF(A12="","",G12*F12) | I12: =IF(A12="","",H12*12) | J12: =IF(OR(A12="",MIN($H$6:$H$13)=0),"",H12/MIN($H$6:$H$13))
G13: =IF(A13="","",(D13*B13+E13*C13)/10^6) | H13: =IF(A13="","",G13*F13) | I13: =IF(A13="","",H13*12) | J13: =IF(OR(A13="",MIN($H$6:$H$13)=0),"",H13/MIN($H$6:$H$13))
A15: Notes
A16: Formula | B16: Cost per request = (input tokens x input price + output tokens x output price) / 1,000,000. Cost per month = cost per request x requests per month. Cost per year = cost per month x 12.
A17: Reasoning tokens | B17: Reasoning ('thinking') tokens are billed as OUTPUT tokens. For reasoning models, include them in the output-token column (check the token count in the OpenRouter Activity log).
A18: Shadow cost | B18: If you tested a ':free' model variant, enter the list price of the PAID version of the same model (if none exists: the nearest comparable paid model, named in the Notes column) and mark the row 'shadow cost' in the Notes column. A free endpoint is not free at scale: rate limits apply and some free endpoints may log prompts.
A19: Cost ratio | B19: Each model's monthly cost divided by the cheapest model's monthly cost in this table (the example rows count too: overwrite or clear them before you submit).
A20: Example rows | B20: Rows 6-7 use ILLUSTRATIVE prices to show how the formulas work. They are not current list prices. Overwrite them with your own models, or clear columns A-F and K-M. Do NOT delete the rows: the Sensitivity sheet links to them.
A21: Currency | B21: OpenRouter lists prices in USD. If your memo reports EUR, state the exchange rate and date you used.

Sheet Sensitivity
A1: Sensitivity: how robust is your recommendation?
A2: All values are formulas linked to the 'Cost model' sheet. Monthly cost in USD. Use this to write one sentence in your memo: does the ranking of models change?
A4: Model ID | B4: Base case (USD / month) | C4: Volume -50% | D4: Volume +50% | E4: Output length x2 | F4: Volume +50% AND output x2 | G4: Base case (USD / year) | H4: Worst case (USD / year)
A5: =IF('Cost model'!A6="","",'Cost model'!A6) | B5: =IF('Cost model'!A6="","",'Cost model'!H6) | C5: =IF('Cost model'!A6="","",'Cost model'!H6*0.5) | D5: =IF('Cost model'!A6="","",'Cost model'!H6*1.5) | E5: =IF('Cost model'!A6="","",'Cost model'!F6*('Cost model'!D6*'Cost model'!B6+2*'Cost model'!E6*'Cost model'!C6)/10^6) | F5: =IF('Cost model'!A6="","",1.5*'Cost model'!F6*('Cost model'!D6*'Cost model'!B6+2*'Cost model'!E6*'Cost model'!C6)/10^6) | G5: =IF('Cost model'!A6="","",'Cost model'!I6) | H5: =IF('Cost model'!A6="","",1.5*'Cost model'!F6*('Cost model'!D6*'Cost model'!B6+2*'Cost model'!E6*'Cost model'!C6)/10^6*12)
A6: =IF('Cost model'!A7="","",'Cost model'!A7) | B6: =IF('Cost model'!A7="","",'Cost model'!H7) | C6: =IF('Cost model'!A7="","",'Cost model'!H7*0.5) | D6: =IF('Cost model'!A7="","",'Cost model'!H7*1.5) | E6: =IF('Cost model'!A7="","",'Cost model'!F7*('Cost model'!D7*'Cost model'!B7+2*'Cost model'!E7*'Cost model'!C7)/10^6) | F6: =IF('Cost model'!A7="","",1.5*'Cost model'!F7*('Cost model'!D7*'Cost model'!B7+2*'Cost model'!E7*'Cost model'!C7)/10^6) | G6: =IF('Cost model'!A7="","",'Cost model'!I7) | H6: =IF('Cost model'!A7="","",1.5*'Cost model'!F7*('Cost model'!D7*'Cost model'!B7+2*'Cost model'!E7*'Cost model'!C7)/10^6*12)
A7: =IF('Cost model'!A8="","",'Cost model'!A8) | B7: =IF('Cost model'!A8="","",'Cost model'!H8) | C7: =IF('Cost model'!A8="","",'Cost model'!H8*0.5) | D7: =IF('Cost model'!A8="","",'Cost model'!H8*1.5) | E7: =IF('Cost model'!A8="","",'Cost model'!F8*('Cost model'!D8*'Cost model'!B8+2*'Cost model'!E8*'Cost model'!C8)/10^6) | F7: =IF('Cost model'!A8="","",1.5*'Cost model'!F8*('Cost model'!D8*'Cost model'!B8+2*'Cost model'!E8*'Cost model'!C8)/10^6) | G7: =IF('Cost model'!A8="","",'Cost model'!I8) | H7: =IF('Cost model'!A8="","",1.5*'Cost model'!F8*('Cost model'!D8*'Cost model'!B8+2*'Cost model'!E8*'Cost model'!C8)/10^6*12)
A8: =IF('Cost model'!A9="","",'Cost model'!A9) | B8: =IF('Cost model'!A9="","",'Cost model'!H9) | C8: =IF('Cost model'!A9="","",'Cost model'!H9*0.5) | D8: =IF('Cost model'!A9="","",'Cost model'!H9*1.5) | E8: =IF('Cost model'!A9="","",'Cost model'!F9*('Cost model'!D9*'Cost model'!B9+2*'Cost model'!E9*'Cost model'!C9)/10^6) | F8: =IF('Cost model'!A9="","",1.5*'Cost model'!F9*('Cost model'!D9*'Cost model'!B9+2*'Cost model'!E9*'Cost model'!C9)/10^6) | G8: =IF('Cost model'!A9="","",'Cost model'!I9) | H8: =IF('Cost model'!A9="","",1.5*'Cost model'!F9*('Cost model'!D9*'Cost model'!B9+2*'Cost model'!E9*'Cost model'!C9)/10^6*12)
A9: =IF('Cost model'!A10="","",'Cost model'!A10) | B9: =IF('Cost model'!A10="","",'Cost model'!H10) | C9: =IF('Cost model'!A10="","",'Cost model'!H10*0.5) | D9: =IF('Cost model'!A10="","",'Cost model'!H10*1.5) | E9: =IF('Cost model'!A10="","",'Cost model'!F10*('Cost model'!D10*'Cost model'!B10+2*'Cost model'!E10*'Cost model'!C10)/10^6) | F9: =IF('Cost model'!A10="","",1.5*'Cost model'!F10*('Cost model'!D10*'Cost model'!B10+2*'Cost model'!E10*'Cost model'!C10)/10^6) | G9: =IF('Cost model'!A10="","",'Cost model'!I10) | H9: =IF('Cost model'!A10="","",1.5*'Cost model'!F10*('Cost model'!D10*'Cost model'!B10+2*'Cost model'!E10*'Cost model'!C10)/10^6*12)
A10: =IF('Cost model'!A11="","",'Cost model'!A11) | B10: =IF('Cost model'!A11="","",'Cost model'!H11) | C10: =IF('Cost model'!A11="","",'Cost model'!H11*0.5) | D10: =IF('Cost model'!A11="","",'Cost model'!H11*1.5) | E10: =IF('Cost model'!A11="","",'Cost model'!F11*('Cost model'!D11*'Cost model'!B11+2*'Cost model'!E11*'Cost model'!C11)/10^6) | F10: =IF('Cost model'!A11="","",1.5*'Cost model'!F11*('Cost model'!D11*'Cost model'!B11+2*'Cost model'!E11*'Cost model'!C11)/10^6) | G10: =IF('Cost model'!A11="","",'Cost model'!I11) | H10: =IF('Cost model'!A11="","",1.5*'Cost model'!F11*('Cost model'!D11*'Cost model'!B11+2*'Cost model'!E11*'Cost model'!C11)/10^6*12)
A11: =IF('Cost model'!A12="","",'Cost model'!A12) | B11: =IF('Cost model'!A12="","",'Cost model'!H12) | C11: =IF('Cost model'!A12="","",'Cost model'!H12*0.5) | D11: =IF('Cost model'!A12="","",'Cost model'!H12*1.5) | E11: =IF('Cost model'!A12="","",'Cost model'!F12*('Cost model'!D12*'Cost model'!B12+2*'Cost model'!E12*'Cost model'!C12)/10^6) | F11: =IF('Cost model'!A12="","",1.5*'Cost model'!F12*('Cost model'!D12*'Cost model'!B12+2*'Cost model'!E12*'Cost model'!C12)/10^6) | G11: =IF('Cost model'!A12="","",'Cost model'!I12) | H11: =IF('Cost model'!A12="","",1.5*'Cost model'!F12*('Cost model'!D12*'Cost model'!B12+2*'Cost model'!E12*'Cost model'!C12)/10^6*12)
A12: =IF('Cost model'!A13="","",'Cost model'!A13) | B12: =IF('Cost model'!A13="","",'Cost model'!H13) | C12: =IF('Cost model'!A13="","",'Cost model'!H13*0.5) | D12: =IF('Cost model'!A13="","",'Cost model'!H13*1.5) | E12: =IF('Cost model'!A13="","",'Cost model'!F13*('Cost model'!D13*'Cost model'!B13+2*'Cost model'!E13*'Cost model'!C13)/10^6) | F12: =IF('Cost model'!A13="","",1.5*'Cost model'!F13*('Cost model'!D13*'Cost model'!B13+2*'Cost model'!E13*'Cost model'!C13)/10^6) | G12: =IF('Cost model'!A13="","",'Cost model'!I13) | H12: =IF('Cost model'!A13="","",1.5*'Cost model'!F13*('Cost model'!D13*'Cost model'!B13+2*'Cost model'!E13*'Cost model'!C13)/10^6*12)
A15: Why output x2? Output tokens are the expensive side, and reasoning models or longer answers can easily double them. Why +/-50% volume? Pilot volumes are guesses; a recommendation that flips under +/-50% needs a second look.
